FivePrimeUTR,ProteinCodingSequence,Temperature,RibosomalRNA,Dataset,Organism,Protein,Protein Mean,Protein Std,ID,lenFivePrimeUTR,fivePrimeUTRCutoff,codingSequenceCutoff,hasShineDalgarnoBindingSite,bindingSiteMRNA,lenSDSequence,bindingSiteFivePrimeIdx,bindingSiteThreePrimeIdx,usedMRNA,usedMRNAStructure,dG_mRNA,preRibosomeMRNAStructure,dG_pre_ribosome,dG_init_adjustment,dG_SD_aSD,postRibosomeMRNAStructure,dG_post_ribosome,dG_start,alignedSpacing,dG_spacing,hasHairpinModule,distalLength,hairpinHeight,proximalLength,surfaceArea,hairpinModuleFivePrimeIdx,hairpinModuleThreePrimeIdx,spacingSequence,dG_stack,dG_standby,dG_distortion,dG_unfolding,dG_sliding,dG_mRNA_rRNA,dG_total
UCUAGAGGCCGACGCAAGCCCAUAUCGGGGCUUCCGUCGGCCAUAAGGAGGUAAAAA,AUGGCGAGCUCUGAAGACGUUAUCAAAGAGUUCAU,37,ACCUCCUUA,EspahBorujeni_NAR_2013,Escherichia coli str. K-12 substr. DH10B,RFP,279.3622222,102.0159946,1014IC-1,57,57,35,true,UAAGGAGGUA,9,43,51,UCUAGAGGCCGACGCAAGCCCAUAUCGGGGCUUCCGUCGGCCAUAAGGAGGUAAAAAAUGGCGAGCUCUGAAGACGUUAUCAAAGAGUUCAU,(((...((((((((.((((((......)))))).))))))))...)))..............(((((((...((.....))..)))))))..,-31.16,......((((((((.((((((......)))))).)))))))).,-23.15,-2.471351419079459,-10.850000381469727,......................,0,-2.76,6,0.288,true,6,15,1,7,0,42,AAAAA,0.1804,7.8344000000000005,7.8344000000000005,0,0,-36.471351800549186,0.23144819945081352
UCUAGAGGCCGACGCAAGCCCAUAUCGGGGCUUCCGUCGGCCAAUAAGGAGGUAAAAA,AUGGCGAGCUCUGAAGACGUUAUCAAAGAGUUCAU,37,ACCUCCUUA,EspahBorujeni_NAR_2013,Escherichia coli str. K-12 substr. DH10B,RFP,700.1377122,89.83081566,1014IC-2,58,58,35,true,UAAGGAGGUA,9,44,52,UCUAGAGGCCGACGCAAGCCCAUAUCGGGGCUUCCGUCGGCCAAUAAGGAGGUAAAAAAUGGCGAGCUCUGAAGACGUUAUCAAAGAGUUCAU,(((...((((((((.((((((......)))))).))))))))....)))..............(((((((...((.....))..)))))))..,-30.49,......((((((((.((((((......)))))).))))))))..,-23.15,-2.471351419079459,-10.850000381469727,......................,0,-2.76,6,0.288,true,6,15,2,8,0,43,AAAAA,0.1804,6.779399999999999,6.779399999999999,0,0,-36.471351800549186,-1.493551800549188
UCUAGAGGCCGACGCAAGCCCAUAUCGGGGCUUCCGUCGGCCAAAUAAGGAGGUAAAAA,AUGGCGAGCUCUGAAGACGUUAUCAAAGAGUUCAU,37,ACCUCCUUA,EspahBorujeni_NAR_2013,Escherichia coli str. K-12 substr. DH10B,RFP,958.8823214,170.1842304,1014IC-3,59,59,35,true,UAAGGAGGUA,9,45,53,UCUAGAGGCCGACGCAAGCCCAUAUCGGGGCUUCCGUCGGCCAAAUAAGGAGGUAAAAAAUGGCGAGCUCUGAAGACGUUAUCAAAGAGUUCAU,(((...((((((((.((((((......)))))).)))))))).....)))..............(((((((...((.....))..)))))))..,-29.85,......((((((((.((((((......)))))).))))))))...,-23.15,-2.471351419079459,-10.850000381469727,......................,0,-2.76,6,0.288,true,6,15,3,9,0,44,AAAAA,0.1804,5.800799999999999,5.800799999999999,0,0,-36.471351800549186,-3.112151800549185
UCUAGAGGCCGACGCAAGCCCAUAUCGGGGCUUCCGUCGGCCAAAAAUAAGGAGGUAAAAA,AUGGCGAGCUCUGAAGACGUUAUCAAAGAGUUCAU,37,ACCUCCUUA,EspahBorujeni_NAR_2013,Escherichia coli str. K-12 substr. DH10B,RFP,3037.856308,383.0671315,1014IC-4,61,61,35,true,UAAGGAGGUA,9,47,55,UCUAGAGGCCGACGCAAGCCCAUAUCGGGGCUUCCGUCGGCCAAAAAUAAGGAGGUAAAAAAUGGCGAGCUCUGAAGACGUUAUCAAAGAGUUCAU,......((((((((.((((((......)))))).))))))))........................(((((((...((.....))..)))))))..,-29.67,......((((((((.((((((......)))))).)))))))).....,-23.15,-2.471351419079459,-10.850000381469727,......................,0,-2.76,6,0.288,true,6,15,5,11,0,46,AAAAA,0.1804,4.072800000000001,4.072800000000001,0,0,-36.471351800549186,-5.020151800549186
UCUAGAGGCCGACGCAAGCCCAUAUCGGGGCUUCCGUCGGCCAAAAAAAAUAAGGAGGUAAAAA,AUGGCGAGCUCUGAAGACGUUAUCAAAGAGUUCAU,37,ACCUCCUUA,EspahBorujeni_NAR_2013,Escherichia coli str. K-12 substr. DH10B,RFP,8127.452151,901.4834732,1014IC-5,64,64,35,true,AUAAGGAGGU,9,50,58,UCUAGAGGCCGACGCAAGCCCAUAUCGGGGCUUCCGUCGGCCAAAAAAAAUAAGGAGGUAAAAAAUGGCGAGCUCUGAAGACGUUAUCAAAGAGUUCAU,......((((((((.((((((......)))))).))))))))...........................(((((((...((.....))..)))))))..,-29.67,......((((((((.((((((......)))))).))))))))........,-23.15,-2.471351419079459,-10.850000381469727,......................,0,-2.76,6,0.288,true,6,15,8,14,0,49,AAAAA,0.1804,2.0538000000000007,2.0538000000000007,0,0,-36.471351800549186,-7.039151800549185
UCUAGAGGCCGACGCAAGCCCAUAUCGGGGCUUCCGUCGGCCAAAAAAAAAAAAUAAGGAGGUAAAAA,AUGGCGAGCUCUGAAGACGUUAUCAAAGAGUUCAU,37,ACCUCCUUA,EspahBorujeni_NAR_2013,Escherichia coli str. K-12 substr. DH10B,RFP,14064.4982,3850.381294,1014IC-6,68,68,35,true,UAAGGAGGUA,9,54,62,UCUAGAGGCCGACGCAAGCCCAUAUCGGGGCUUCCGUCGGCCAAAAAAAAAAAAUAAGGAGGUAAAAAAUGGCGAGCUCUGAAGACGUUAUCAAAGAGUUCAU,......((((((((.((((((......)))))).))))))))...............................(((((((...((.....))..)))))))..,-29.67,......((((((((.((((((......)))))).))))))))............,-23.15,-2.471351419079459,-10.850000381469727,......................,0,-2.76,6,0.288,true,6,15,12,18,0,53,AAAAA,0.1804,0.4314,0.4314,0,0,-36.471351800549186,-8.66155180054919
UCUAGAGGCCGACGCAAGCCCAUAUCGGGGCUUCCGUCGGCCAAAAAAAAAAAAAAAUAAGGAGGUAAAAA,AUGGCGAGCUCUGAAGACGUUAUCAAAGAGUUCAU,37,ACCUCCUUA,EspahBorujeni_NAR_2013,Escherichia coli str. K-12 substr. DH10B,RFP,13018.67152,2952.270861,1014IC-7,71,71,35,true,UAAGGAGGUA,9,57,65,UCUAGAGGCCGACGCAAGCCCAUAUCGGGGCUUCCGUCGGCCAAAAAAAAAAAAAAAUAAGGAGGUAAAAAAUGGCGAGCUCUGAAGACGUUAUCAAAGAGUUCAU,......((((((((.((((((......)))))).))))))))..................................(((((((...((.....))..)))))))..,-29.67,......((((((((.((((((......)))))).))))))))...............,-23.15,-2.471351419079459,-10.850000381469727,......................,0,-2.76,6,0.288,true,6,15,15,21,0,56,AAAAA,0.1804,0.01680000000000348,0.01680000000000348,0,0,-36.471351800549186,-9.076151800549184
UCUAGAGGCCGACGCAAGAUAUCGCUUCCGUCGGCCAUAAGGAGGUAAAAA,AUGGCGAGCUCUGAAGACGUUAUCAAAGAGUUCAU,37,ACCUCCUUA,EspahBorujeni_NAR_2013,Escherichia coli str. K-12 substr. DH10B,RFP,261.0611111,27.74103459,1014IC-8,51,51,35,true,UAAGGAGGUA,9,37,45,UCUAGAGGCCGACGCAAGAUAUCGCUUCCGUCGGCCAUAAGGAGGUAAAAAAUGGCGAGCUCUGAAGACGUUAUCAAAGAGUUCAU,(((...((((((((.(((......))).))))))))...)))..............(((((((...((.....))..)))))))..,-23.86,......((((((((.(((......))).)))))))).,-15.85,-2.471351419079459,-10.850000381469727,......................,0,-2.76,6,0.288,true,7,14,2,10,0,36,AAAAA,0.1804,7.608600000000002,4.898600000000002,2.71,0,-29.171351800549186,0.005648199450817515
UCUAGAGGCCGACGCAAGAUAUCGCUUCCGUCGGCCAAUAAGGAGGUAAAAA,AUGGCGAGCUCUGAAGACGUUAUCAAAGAGUUCAU,37,ACCUCCUUA,EspahBorujeni_NAR_2013,Escherichia coli str. K-12 substr. DH10B,RFP,519.7277778,102.9007532,1014IC-9,52,52,35,true,UAAGGAGGUA,9,38,46,UCUAGAGGCCGACGCAAGAUAUCGCUUCCGUCGGCCAAUAAGGAGGUAAAAAAUGGCGAGCUCUGAAGACGUUAUCAAAGAGUUCAU,(((...((((((((.(((......))).))))))))....)))..............(((((((...((.....))..)))))))..,-23.19,......((((((((.(((......))).))))))))..,-15.85,-2.471351419079459,-10.850000381469727,......................,0,-2.76,6,0.288,true,6,15,2,8,0,37,AAAAA,0.1804,6.779399999999999,6.779399999999999,0,0,-29.171351800549186,-1.493551800549188
UCUAGAGGCCGACGCAAGAUAUCGCUUCCGUCGGCCAAAUAAGGAGGUAAAAA,AUGGCGAGCUCUGAAGACGUUAUCAAAGAGUUCAU,37,ACCUCCUUA,EspahBorujeni_NAR_2013,Escherichia coli str. K-12 substr. DH10B,RFP,1099.561111,148.8760055,1014IC-10,53,53,35,true,UAAGGAGGUA,9,39,47,UCUAGAGGCCGACGCAAGAUAUCGCUUCCGUCGGCCAAAUAAGGAGGUAAAAAAUGGCGAGCUCUGAAGACGUUAUCAAAGAGUUCAU,(((...((((((((.(((......))).)))))))).....)))..............(((((((...((.....))..)))))))..,-22.55,......((((((((.(((......))).))))))))...,-15.85,-2.471351419079459,-10.850000381469727,......................,0,-2.76,6,0.288,true,6,15,3,9,0,38,AAAAA,0.1804,5.800799999999999,5.800799999999999,0,0,-29.171351800549186,-3.1121518005491886
UCUAGAGGCCGACGCAAGAUAUCGCUUCCGUCGGCCAAAAUAAGGAGGUAAAAA,AUGGCGAGCUCUGAAGACGUUAUCAAAGAGUUCAU,37,ACCUCCUUA,EspahBorujeni_NAR_2013,Escherichia coli str. K-12 substr. DH10B,RFP,1928.16143,542.075967,1014IC-11,54,54,35,true,UAAGGAGGUA,9,40,48,UCUAGAGGCCGACGCAAGAUAUCGCUUCCGUCGGCCAAAAUAAGGAGGUAAAAAAUGGCGAGCUCUGAAGACGUUAUCAAAGAGUUCAU,......((((((((.(((......))).)))))))).......................(((((((...((.....))..)))))))..,-22.37,......((((((((.(((......))).))))))))....,-15.85,-2.471351419079459,-10.850000381469727,......................,0,-2.76,6,0.288,true,6,15,4,10,0,39,AAAAA,0.1804,4.898600000000002,4.898600000000002,0,0,-29.171351800549186,-4.194351800549182
UCUAGAGGCCGACGCAAGAUAUCGCUUCCGUCGGCCAAAAAUAAGGAGGUAAAAA,AUGGCGAGCUCUGAAGACGUUAUCAAAGAGUUCAU,37,ACCUCCUUA,EspahBorujeni_NAR_2013,Escherichia coli str. K-12 substr. DH10B,RFP,2226.727778,325.0424049,1014IC-12,55,55,35,true,UAAGGAGGUA,9,41,49,UCUAGAGGCCGACGCAAGAUAUCGCUUCCGUCGGCCAAAAAUAAGGAGGUAAAAAAUGGCGAGCUCUGAAGACGUUAUCAAAGAGUUCAU,......((((((((.(((......))).))))))))........................(((((((...((.....))..)))))))..,-22.37,......((((((((.(((......))).)))))))).....,-15.85,-2.471351419079459,-10.850000381469727,......................,0,-2.76,6,0.288,true,6,15,5,11,0,40,AAAAA,0.1804,4.072800000000001,4.072800000000001,0,0,-29.171351800549186,-5.020151800549183
UCUAGAGGCCGACGCAAGAUAUCGCUUCCGUCGGCCAAAAAAUAAGGAGGUAAAAA,AUGGCGAGCUCUGAAGACGUUAUCAAAGAGUUCAU,37,ACCUCCUUA,EspahBorujeni_NAR_2013,Escherichia coli str. K-12 substr. DH10B,RFP,4326.061111,896.746656,1014IC-13,56,56,35,true,UAAGGAGGUA,9,42,50,UCUAGAGGCCGACGCAAGAUAUCGCUUCCGUCGGCCAAAAAAUAAGGAGGUAAAAAAUGGCGAGCUCUGAAGACGUUAUCAAAGAGUUCAU,......((((((((.(((......))).)))))))).........................(((((((...((.....))..)))))))..,-22.37,......((((((((.(((......))).))))))))......,-15.85,-2.471351419079459,-10.850000381469727,......................,0,-2.76,6,0.288,true,6,15,6,12,0,41,AAAAA,0.1804,3.3234000000000012,3.3234000000000012,0,0,-29.171351800549186,-5.769551800549184
UCUAGAGGCCGACGCAAGAUAUCGCUUCCGUCGGCCAAAAAAAUAAGGAGGUAAAAA,AUGGCGAGCUCUGAAGACGUUAUCAAAGAGUUCAU,37,ACCUCCUUA,EspahBorujeni_NAR_2013,Escherichia coli str. K-12 substr. DH10B,RFP,5387.561111,682.7232712,1014IC-14,57,57,35,true,UAAGGAGGUA,9,43,51,UCUAGAGGCCGACGCAAGAUAUCGCUUCCGUCGGCCAAAAAAAUAAGGAGGUAAAAAAUGGCGAGCUCUGAAGACGUUAUCAAAGAGUUCAU,......((((((((.(((......))).))))))))..........................(((((((...((.....))..)))))))..,-22.37,......((((((((.(((......))).)))))))).......,-15.85,-2.471351419079459,-10.850000381469727,......................,0,-2.76,6,0.288,true,6,15,7,13,0,42,AAAAA,0.1804,2.650400000000001,2.650400000000001,0,0,-29.171351800549186,-6.442551800549186
UCUAGAGGCCGACGCAAGAUAUCGCUUCCGUCGGCCAAAAAAAAUAAGGAGGUAAAAA,AUGGCGAGCUCUGAAGACGUUAUCAAAGAGUUCAU,37,ACCUCCUUA,EspahBorujeni_NAR_2013,Escherichia coli str. K-12 substr. DH10B,RFP,7641.484238,2148.004134,1014IC-15,58,58,35,true,AUAAGGAGGU,9,44,52,UCUAGAGGCCGACGCAAGAUAUCGCUUCCGUCGGCCAAAAAAAAUAAGGAGGUAAAAAAUGGCGAGCUCUGAAGACGUUAUCAAAGAGUUCAU,......((((((((.(((......))).))))))))...........................(((((((...((.....))..)))))))..,-22.37,......((((((((.(((......))).))))))))........,-15.85,-2.471351419079459,-10.850000381469727,......................,0,-2.76,6,0.288,true,6,15,8,14,0,43,AAAAA,0.1804,2.0538000000000007,2.0538000000000007,0,0,-29.171351800549186,-7.039151800549188
UCUAGAGGCCGACGCAAGAUAUCGCUUCCGUCGGCCAAAAAAAAAUAAGGAGGUAAAAA,AUGGCGAGCUCUGAAGACGUUAUCAAAGAGUUCAU,37,ACCUCCUUA,EspahBorujeni_NAR_2013,Escherichia coli str. K-12 substr. DH10B,RFP,9909.727778,1360.831571,1014IC-16,59,59,35,true,AUAAGGAGGU,9,45,53,UCUAGAGGCCGACGCAAGAUAUCGCUUCCGUCGGCCAAAAAAAAAUAAGGAGGUAAAAAAUGGCGAGCUCUGAAGACGUUAUCAAAGAGUUCAU,......((((((((.(((......))).))))))))............................(((((((...((.....))..)))))))..,-22.37,......((((((((.(((......))).)))))))).........,-15.85,-2.471351419079459,-10.850000381469727,......................,0,-2.76,6,0.288,true,6,15,9,15,0,44,AAAAA,0.1804,1.5335999999999999,1.5335999999999999,0,0,-29.171351800549186,-7.559351800549184
UCUAGAGGCCGACGCAAGAUAUCGCUUCCGUCGGCCAAAAAAAAAAUAAGGAGGUAAAAA,AUGGCGAGCUCUGAAGACGUUAUCAAAGAGUUCAU,37,ACCUCCUUA,EspahBorujeni_NAR_2013,Escherichia coli str. K-12 substr. DH10B,RFP,10545.89444,1074.854904,1014IC-17,60,60,35,true,UAAGGAGGUA,9,46,54,UCUAGAGGCCGACGCAAGAUAUCGCUUCCGUCGGCCAAAAAAAAAAUAAGGAGGUAAAAAAUGGCGAGCUCUGAAGACGUUAUCAAAGAGUUCAU,......((((((((.(((......))).)))))))).............................(((((((...((.....))..)))))))..,-22.37,......((((((((.(((......))).))))))))..........,-15.85,-2.471351419079459,-10.850000381469727,......................,0,-2.76,6,0.288,true,6,15,10,16,0,45,AAAAA,0.1804,1.0898000000000003,1.0898000000000003,0,0,-29.171351800549186,-8.003151800549187
UCUAGAGGCCGACGCAAGAUAUCGCUUCCGUCGGCCAAAAAAAAAAAUAAGGAGGUAAAAA,AUGGCGAGCUCUGAAGACGUUAUCAAAGAGUUCAU,37,ACCUCCUUA,EspahBorujeni_NAR_2013,Escherichia coli str. K-12 substr. DH10B,RFP,15819.22778,2401.497671,1014IC-18,61,61,35,true,UAAGGAGGUA,9,47,55,UCUAGAGGCCGACGCAAGAUAUCGCUUCCGUCGGCCAAAAAAAAAAAUAAGGAGGUAAAAAAUGGCGAGCUCUGAAGACGUUAUCAAAGAGUUCAU,......((((((((.(((......))).))))))))..............................(((((((...((.....))..)))))))..,-22.37,......((((((((.(((......))).))))))))...........,-15.85,-2.471351419079459,-10.850000381469727,......................,0,-2.76,6,0.288,true,6,15,11,17,0,46,AAAAA,0.1804,0.7224000000000004,0.7224000000000004,0,0,-29.171351800549186,-8.370551800549183
UCUAGAGGCCGACGCAAGAUAUCGCUUCCGUCGGCCAAAAAAAAAAAAUAAGGAGGUAAAAA,AUGGCGAGCUCUGAAGACGUUAUCAAAGAGUUCAU,37,ACCUCCUUA,EspahBorujeni_NAR_2013,Escherichia coli str. K-12 substr. DH10B,RFP,14782.25244,3926.257048,1014IC-19,62,62,35,true,UAAGGAGGUA,9,48,56,UCUAGAGGCCGACGCAAGAUAUCGCUUCCGUCGGCCAAAAAAAAAAAAUAAGGAGGUAAAAAAUGGCGAGCUCUGAAGACGUUAUCAAAGAGUUCAU,......((((((((.(((......))).))))))))...............................(((((((...((.....))..)))))))..,-22.37,......((((((((.(((......))).))))))))............,-15.85,-2.471351419079459,-10.850000381469727,......................,0,-2.76,6,0.288,true,6,15,12,18,0,47,AAAAA,0.1804,0.4314,0.4314,0,0,-29.171351800549186,-8.661551800549187
UCUAGAGGCCGACGCAAGAUAUCGCUUCCGUCGGCCAAAAAAAAAAAAAUAAGGAGGUAAAAA,AUGGCGAGCUCUGAAGACGUUAUCAAAGAGUUCAU,37,ACCUCCUUA,EspahBorujeni_NAR_2013,Escherichia coli str. K-12 substr. DH10B,RFP,13086.11616,3863.083955,1014IC-20,63,63,35,true,UAAGGAGGUA,9,49,57,UCUAGAGGCCGACGCAAGAUAUCGCUUCCGUCGGCCAAAAAAAAAAAAAUAAGGAGGUAAAAAAUGGCGAGCUCUGAAGACGUUAUCAAAGAGUUCAU,......((((((((.(((......))).))))))))................................(((((((...((.....))..)))))))..,-22.37,......((((((((.(((......))).)))))))).............,-15.85,-2.471351419079459,-10.850000381469727,......................,0,-2.76,6,0.288,true,6,15,13,19,0,48,AAAAA,0.1804,0.21680000000000277,0.21680000000000277,0,0,-29.171351800549186,-8.876151800549184
UCUAGAGGCCGACGCAAGAUAUCGCUUCCGUCGGCCAAAAAAAAAAAAAAUAAGGAGGUAAAAA,AUGGCGAGCUCUGAAGACGUUAUCAAAGAGUUCAU,37,ACCUCCUUA,EspahBorujeni_NAR_2013,Escherichia coli str. K-12 substr. DH10B,RFP,13480.63127,4615.615284,1014IC-21,64,64,35,true,UAAGGAGGUA,9,50,58,UCUAGAGGCCGACGCAAGAUAUCGCUUCCGUCGGCCAAAAAAAAAAAAAAUAAGGAGGUAAAAAAUGGCGAGCUCUGAAGACGUUAUCAAAGAGUUCAU,......((((((((.(((......))).)))))))).................................(((((((...((.....))..)))))))..,-22.37,......((((((((.(((......))).))))))))..............,-15.85,-2.471351419079459,-10.850000381469727,......................,0,-2.76,6,0.288,true,6,15,14,20,0,49,AAAAA,0.1804,0.07860000000000511,0.07860000000000511,0,0,-29.171351800549186,-9.014351800549182
UCUAGAGGCCGACGCAAGAUAUCGCUUCCGUCGGCCAAAAAAAAAAAAAAAUAAGGAGGUAAAAA,AUGGCGAGCUCUGAAGACGUUAUCAAAGAGUUCAU,37,ACCUCCUUA,EspahBorujeni_NAR_2013,Escherichia coli str. K-12 substr. DH10B,RFP,17031.39376,4034.590915,1014IC-22,65,65,35,true,UAAGGAGGUA,9,51,59,UCUAGAGGCCGACGCAAGAUAUCGCUUCCGUCGGCCAAAAAAAAAAAAAAAUAAGGAGGUAAAAAAUGGCGAGCUCUGAAGACGUUAUCAAAGAGUUCAU,......((((((((.(((......))).))))))))..................................(((((((...((.....))..)))))))..,-22.37,......((((((((.(((......))).))))))))...............,-15.85,-2.471351419079459,-10.850000381469727,......................,0,-2.76,6,0.288,true,6,15,15,21,0,50,AAAAA,0.1804,0.01680000000000348,0.01680000000000348,0,0,-29.171351800549186,-9.07615180054918
UCUAGAGGCCGACGCAAGAUAUCGCUUCCGUCGGCCAAAAAAAAAAAAAAAAUAAGGAGGUAAAAA,AUGGCGAGCUCUGAAGACGUUAUCAAAGAGUUCAU,37,ACCUCCUUA,EspahBorujeni_NAR_2013,Escherichia coli str. K-12 substr. DH10B,RFP,13152.80825,4218.487583,1014IC-23,66,66,35,true,UAAGGAGGUA,9,52,60,UCUAGAGGCCGACGCAAGAUAUCGCUUCCGUCGGCCAAAAAAAAAAAAAAAAUAAGGAGGUAAAAAAUGGCGAGCUCUGAAGACGUUAUCAAAGAGUUCAU,......((((((((.(((......))).))))))))...................................(((((((...((.....))..)))))))..,-22.37,......((((((((.(((......))).))))))))................,-15.85,-2.471351419079459,-10.850000381469727,......................,0,-2.76,6,0.288,true,6,15,16,22,0,51,AAAAA,0.1804,0,0,0,0,-29.171351800549186,-9.092951800549184
UCUAGAGGCCGACGCAAGAUAUCGCUUCCGUCGGCCAAAAAAAAAAAAAAAAAUAAGGAGGUAAAAA,AUGGCGAGCUCUGAAGACGUUAUCAAAGAGUUCAU,37,ACCUCCUUA,EspahBorujeni_NAR_2013,Escherichia coli str. K-12 substr. DH10B,RFP,12156.89427,4061.71869,1014IC-24,67,67,35,true,UAAGGAGGUA,9,53,61,UCUAGAGGCCGACGCAAGAUAUCGCUUCCGUCGGCCAAAAAAAAAAAAAAAAAUAAGGAGGUAAAAAAUGGCGAGCUCUGAAGACGUUAUCAAAGAGUUCAU,......((((((((.(((......))).))))))))....................................(((((((...((.....))..)))))))..,-22.37,......((((((((.(((......))).)))))))).................,-15.85,-2.471351419079459,-10.850000381469727,......................,0,-2.76,6,0.288,true,6,15,17,23,0,52,AAAAA,0.1804,0,0,0,0,-29.171351800549186,-9.092951800549184
UCUAGAGGCCGACGCAAGAUAUCGCUUCCGUCGGCCAAAAAAAAAAAAAAAAAAUAAGGAGGUAAAAA,AUGGCGAGCUCUGAAGACGUUAUCAAAGAGUUCAU,37,ACCUCCUUA,EspahBorujeni_NAR_2013,Escherichia coli str. K-12 substr. DH10B,RFP,11406.47526,3595.403665,1014IC-25,68,68,35,true,UAAGGAGGUA,9,54,62,UCUAGAGGCCGACGCAAGAUAUCGCUUCCGUCGGCCAAAAAAAAAAAAAAAAAAUAAGGAGGUAAAAAAUGGCGAGCUCUGAAGACGUUAUCAAAGAGUUCAU,......((((((((.(((......))).)))))))).....................................(((((((...((.....))..)))))))..,-22.37,......((((((((.(((......))).))))))))..................,-15.85,-2.471351419079459,-10.850000381469727,......................,0,-2.76,6,0.288,true,6,15,18,24,0,53,AAAAA,0.1804,0,0,0,0,-29.171351800549186,-9.092951800549184
UCUAGAGGCCGACGCAAGAUAUCGCUUCCGUCGGCCAAAAAAAAAAAAAAAAAAAUAAGGAGGUAAAAA,AUGGCGAGCUCUGAAGACGUUAUCAAAGAGUUCAU,37,ACCUCCUUA,EspahBorujeni_NAR_2013,Escherichia coli str. K-12 substr. DH10B,RFP,9702.582694,3308.996215,1014IC-26,69,69,35,true,UAAGGAGGUA,9,55,63,UCUAGAGGCCGACGCAAGAUAUCGCUUCCGUCGGCCAAAAAAAAAAAAAAAAAAAUAAGGAGGUAAAAAAUGGCGAGCUCUGAAGACGUUAUCAAAGAGUUCAU,......((((((((.(((......))).))))))))......................................(((((((...((.....))..)))))))..,-22.37,......((((((((.(((......))).))))))))...................,-15.85,-2.471351419079459,-10.850000381469727,......................,0,-2.76,6,0.288,true,6,15,19,25,0,54,AAAAA,0.1804,0,0,0,0,-29.171351800549186,-9.092951800549184
UCUAGAGGCCGACGCAAGAUAUCGCUUCCGUCGGCCAAAAAAAAAAAAAAAAAAAAUAAGGAGGUAAAAA,AUGGCGAGCUCUGAAGACGUUAUCAAAGAGUUCAU,37,ACCUCCUUA,EspahBorujeni_NAR_2013,Escherichia coli str. K-12 substr. DH10B,RFP,12578.43863,2765.956857,1014IC-27,70,70,35,true,UAAGGAGGUA,9,56,64,UCUAGAGGCCGACGCAAGAUAUCGCUUCCGUCGGCCAAAAAAAAAAAAAAAAAAAAUAAGGAGGUAAAAAAUGGCGAGCUCUGAAGACGUUAUCAAAGAGUUCAU,......((((((((.(((......))).)))))))).......................................(((((((...((.....))..)))))))..,-22.37,......((((((((.(((......))).))))))))....................,-15.85,-2.471351419079459,-10.850000381469727,......................,0,-2.76,6,0.288,true,6,15,20,26,0,55,AAAAA,0.1804,0,0,0,0,-29.171351800549186,-9.092951800549184
UCUAGAGGCCGACGCAAGAUAUCGCUUCCGUCGGCCAAAAAAAAAAAAAAAAAAAAAAAAUAAGGAGGUAAAAA,AUGGCGAGCUCUGAAGACGUUAUCAAAGAGUUCAU,37,ACCUCCUUA,EspahBorujeni_NAR_2013,Escherichia coli str. K-12 substr. DH10B,RFP,5614.294603,1813.600796,1014IC-28,74,74,35,true,UAAGGAGGUA,9,60,68,UCUAGAGGCCGACGCAAGAUAUCGCUUCCGUCGGCCAAAAAAAAAAAAAAAAAAAAAAAAUAAGGAGGUAAAAAAUGGCGAGCUCUGAAGACGUUAUCAAAGAGUUCAU,......((((((((.(((......))).))))))))...........................................(((((((...((.....))..)))))))..,-22.37,......((((((((.(((......))).))))))))........................,-15.85,-2.471351419079459,-10.850000381469727,......................,0,-2.76,6,0.288,true,6,15,24,30,0,59,AAAAA,0.1804,0,0,0,0,-29.171351800549186,-9.092951800549184
UCUAGAGGCCGACGGAUAUCGCCGUCGGCCAUAAGGAGGUAAAAA,AUGGCGAGCUCUGAAGACGUUAUCAAAGAGUUCAU,37,ACCUCCUUA,EspahBorujeni_NAR_2013,Escherichia coli str. K-12 substr. DH10B,RFP,1098.919762,361.5365845,1014IC-29,45,45,35,true,UAAGGAGGUA,9,31,39,UCUAGAGGCCGACGGAUAUCGCCGUCGGCCAUAAGGAGGUAAAAAAUGGCGAGCUCUGAAGACGUUAUCAAAGAGUUCAU,(((...(((((((((......)))))))))...)))..............(((((((...((.....))..)))))))..,-24.51,......(((((((((......))))))))).,-16.5,-2.471351419079459,-10.850000381469727,......................,0,-2.76,6,0.288,true,6,12,1,10,0,30,AAAAA,0.1804,4.898600000000002,4.898600000000002,0,0,-29.821351800549184,-2.70435180054918
UCUAGAGGCCGACGGAUAUCGCCGUCGGCCAAUAAGGAGGUAAAAA,AUGGCGAGCUCUGAAGACGUUAUCAAAGAGUUCAU,37,ACCUCCUUA,EspahBorujeni_NAR_2013,Escherichia coli str. K-12 substr. DH10B,RFP,1412.293008,319.3224896,1014IC-30,46,46,35,true,UAAGGAGGUA,9,32,40,UCUAGAGGCCGACGGAUAUCGCCGUCGGCCAAUAAGGAGGUAAAAAAUGGCGAGCUCUGAAGACGUUAUCAAAGAGUUCAU,(((...(((((((((......)))))))))....)))..............(((((((...((.....))..)))))))..,-23.84,......(((((((((......)))))))))..,-16.5,-2.471351419079459,-10.850000381469727,......................,0,-2.76,6,0.288,true,6,12,2,11,0,31,AAAAA,0.1804,4.072800000000001,4.072800000000001,0,0,-29.821351800549184,-4.2001518005491825
UCUAGAGGCCGACGGAUAUCGCCGUCGGCCAAAUAAGGAGGUAAAAA,AUGGCGAGCUCUGAAGACGUUAUCAAAGAGUUCAU,37,ACCUCCUUA,EspahBorujeni_NAR_2013,Escherichia coli str. K-12 substr. DH10B,RFP,3988.394583,688.6727961,1014IC-31,47,47,35,true,UAAGGAGGUA,9,33,41,UCUAGAGGCCGACGGAUAUCGCCGUCGGCCAAAUAAGGAGGUAAAAAAUGGCGAGCUCUGAAGACGUUAUCAAAGAGUUCAU,(((...(((((((((......))))))))).....)))..............(((((((...((.....))..)))))))..,-23.2,......(((((((((......)))))))))...,-16.5,-2.471351419079459,-10.850000381469727,......................,0,-2.76,6,0.288,true,6,12,3,12,0,32,AAAAA,0.1804,3.3234000000000012,3.3234000000000012,0,0,-29.821351800549184,-5.589551800549184
UCUAGAGGCCGACGGAUAUCGCCGUCGGCCAAAAUAAGGAGGUAAAAA,AUGGCGAGCUCUGAAGACGUUAUCAAAGAGUUCAU,37,ACCUCCUUA,EspahBorujeni_NAR_2013,Escherichia coli str. K-12 substr. DH10B,RFP,8981.281647,2230.206367,1014IC-32,48,48,35,true,UAAGGAGGUA,9,34,42,UCUAGAGGCCGACGGAUAUCGCCGUCGGCCAAAAUAAGGAGGUAAAAAAUGGCGAGCUCUGAAGACGUUAUCAAAGAGUUCAU,......(((((((((......))))))))).......................(((((((...((.....))..)))))))..,-23.02,......(((((((((......)))))))))....,-16.5,-2.471351419079459,-10.850000381469727,......................,0,-2.76,6,0.288,true,6,12,4,13,0,33,AAAAA,0.1804,2.650400000000001,2.650400000000001,0,0,-29.821351800549184,-6.442551800549186
UCUAGAGGCCGACGGAUAUCGCCGUCGGCCAAAAAUAAGGAGGUAAAAA,AUGGCGAGCUCUGAAGACGUUAUCAAAGAGUUCAU,37,ACCUCCUUA,EspahBorujeni_NAR_2013,Escherichia coli str. K-12 substr. DH10B,RFP,9433.444498,1793.276435,1014IC-33,49,49,35,true,UAAGGAGGUA,9,35,43,UCUAGAGGCCGACGGAUAUCGCCGUCGGCCAAAAAUAAGGAGGUAAAAAAUGGCGAGCUCUGAAGACGUUAUCAAAGAGUUCAU,......(((((((((......)))))))))........................(((((((...((.....))..)))))))..,-23.02,......(((((((((......))))))))).....,-16.5,-2.471351419079459,-10.850000381469727,......................,0,-2.76,6,0.288,true,6,12,5,14,0,34,AAAAA,0.1804,2.0538000000000007,2.0538000000000007,0,0,-29.821351800549184,-7.039151800549188
UCUAGAGGCCGACGGAUAUCGCCGUCGGCCAAAAAAAAUAAGGAGGUAAAAA,AUGGCGAGCUCUGAAGACGUUAUCAAAGAGUUCAU,37,ACCUCCUUA,EspahBorujeni_NAR_2013,Escherichia coli str. K-12 substr. DH10B,RFP,14310.43305,1852.938518,1014IC-34,52,52,35,true,AUAAGGAGGU,9,38,46,UCUAGAGGCCGACGGAUAUCGCCGUCGGCCAAAAAAAAUAAGGAGGUAAAAAAUGGCGAGCUCUGAAGACGUUAUCAAAGAGUUCAU,......(((((((((......)))))))))...........................(((((((...((.....))..)))))))..,-23.02,......(((((((((......)))))))))........,-16.5,-2.471351419079459,-10.850000381469727,......................,0,-2.76,6,0.288,true,6,12,8,17,0,37,AAAAA,0.1804,0.7224000000000004,0.7224000000000004,0,0,-29.821351800549184,-8.370551800549183
UCUAGAGGCCGACGGAUAUCGCCGUCGGCCAAAAAAAAAAAAUAAGGAGGUAAAAA,AUGGCGAGCUCUGAAGACGUUAUCAAAGAGUUCAU,37,ACCUCCUUA,EspahBorujeni_NAR_2013,Escherichia coli str. K-12 substr. DH10B,RFP,20833.08986,4356.349209,1014IC-35,56,56,35,true,UAAGGAGGUA,9,42,50,UCUAGAGGCCGACGGAUAUCGCCGUCGGCCAAAAAAAAAAAAUAAGGAGGUAAAAAAUGGCGAGCUCUGAAGACGUUAUCAAAGAGUUCAU,......(((((((((......)))))))))...............................(((((((...((.....))..)))))))..,-23.02,......(((((((((......)))))))))............,-16.5,-2.471351419079459,-10.850000381469727,......................,0,-2.76,6,0.288,true,6,12,12,21,0,41,AAAAA,0.1804,0.01680000000000348,0.01680000000000348,0,0,-29.821351800549184,-9.07615180054918
UCUAGAGGCCGACGGAUAUCGCCGUCGGCCAAAAAAAAAAAAAAAUAAGGAGGUAAAAA,AUGGCGAGCUCUGAAGACGUUAUCAAAGAGUUCAU,37,ACCUCCUUA,EspahBorujeni_NAR_2013,Escherichia coli str. K-12 substr. DH10B,RFP,17833.34186,2514.714894,1014IC-36,59,59,35,true,UAAGGAGGUA,9,45,53,UCUAGAGGCCGACGGAUAUCGCCGUCGGCCAAAAAAAAAAAAAAAUAAGGAGGUAAAAAAUGGCGAGCUCUGAAGACGUUAUCAAAGAGUUCAU,......(((((((((......)))))))))..................................(((((((...((.....))..)))))))..,-23.02,......(((((((((......)))))))))...............,-16.5,-2.471351419079459,-10.850000381469727,......................,0,-2.76,6,0.288,true,6,12,15,24,0,44,AAAAA,0.1804,0,0,0,0,-29.821351800549184,-9.092951800549184
UCUAGAGGCCCGAUAUCGCGGGCCAUAAGGAGGUAAAAA,AUGGCGAGCUCUGAAGACGUUAUCAAAGAGUUCAU,37,ACCUCCUUA,EspahBorujeni_NAR_2013,Escherichia coli str. K-12 substr. DH10B,RFP,3630.825949,552.4919157,1014IC-37,39,39,35,true,UAAGGAGGUA,9,25,33,UCUAGAGGCCCGAUAUCGCGGGCCAUAAGGAGGUAAAAAAUGGCGAGCUCUGAAGACGUUAUCAAAGAGUUCAU,(((...((((((......))))))...)))..............(((((((...((.....))..)))))))..,-18.48,......((((((......)))))).,-10.47,-2.471351419079459,-10.850000381469727,......................,0,-2.76,6,0.288,true,6,9,1,13,0,24,AAAAA,0.1804,2.650400000000001,2.650400000000001,0,0,-23.791351800549187,-4.952551800549184
UCUAGAGGCCCGAUAUCGCGGGCCAAUAAGGAGGUAAAAA,AUGGCGAGCUCUGAAGACGUUAUCAAAGAGUUCAU,37,ACCUCCUUA,EspahBorujeni_NAR_2013,Escherichia coli str. K-12 substr. DH10B,RFP,5206.520708,802.407462,1014IC-38,40,40,35,true,UAAGGAGGUA,9,26,34,UCUAGAGGCCCGAUAUCGCGGGCCAAUAAGGAGGUAAAAAAUGGCGAGCUCUGAAGACGUUAUCAAAGAGUUCAU,(((...((((((......))))))....)))..............(((((((...((.....))..)))))))..,-17.81,......((((((......))))))..,-10.47,-2.471351419079459,-10.850000381469727,......................,0,-2.76,6,0.288,true,6,9,2,14,0,25,AAAAA,0.1804,2.0538000000000007,2.0538000000000007,0,0,-23.791351800549187,-6.219151800549188
UCUAGAGGCCCGAUAUCGCGGGCCAAAUAAGGAGGUAAAAA,AUGGCGAGCUCUGAAGACGUUAUCAAAGAGUUCAU,37,ACCUCCUUA,EspahBorujeni_NAR_2013,Escherichia coli str. K-12 substr. DH10B,RFP,8265.201524,1386.878594,1014IC-39,41,41,35,true,UAAGGAGGUA,9,27,35,UCUAGAGGCCCGAUAUCGCGGGCCAAAUAAGGAGGUAAAAAAUGGCGAGCUCUGAAGACGUUAUCAAAGAGUUCAU,(((...((((((......)))))).....)))..............(((((((...((.....))..)))))))..,-17.17,......((((((......))))))...,-10.47,-2.471351419079459,-10.850000381469727,......................,0,-2.76,6,0.288,true,6,9,3,15,0,26,AAAAA,0.1804,1.5335999999999999,1.5335999999999999,0,0,-23.791351800549187,-7.379351800549188
UCUAGAGGCCCGAUAUCGCGGGCCAAAAUAAGGAGGUAAAAA,AUGGCGAGCUCUGAAGACGUUAUCAAAGAGUUCAU,37,ACCUCCUUA,EspahBorujeni_NAR_2013,Escherichia coli str. K-12 substr. DH10B,RFP,10815.81478,1630.827434,1014IC-40,42,42,35,true,UAAGGAGGUA,9,28,36,UCUAGAGGCCCGAUAUCGCGGGCCAAAAUAAGGAGGUAAAAAAUGGCGAGCUCUGAAGACGUUAUCAAAGAGUUCAU,......((((((......)))))).......................(((((((...((.....))..)))))))..,-16.99,......((((((......))))))....,-10.47,-2.471351419079459,-10.850000381469727,......................,0,-2.76,6,0.288,true,6,9,4,16,0,27,AAAAA,0.1804,1.0898000000000003,1.0898000000000003,0,0,-23.791351800549187,-8.003151800549187
UCUAGAGGCCCGAUAUCGCGGGCCAAAAAUAAGGAGGUAAAAA,AUGGCGAGCUCUGAAGACGUUAUCAAAGAGUUCAU,37,ACCUCCUUA,EspahBorujeni_NAR_2013,Escherichia coli str. K-12 substr. DH10B,RFP,17544.72454,2752.701157,1014IC-41,43,43,35,true,UAAGGAGGUA,9,29,37,UCUAGAGGCCCGAUAUCGCGGGCCAAAAAUAAGGAGGUAAAAAAUGGCGAGCUCUGAAGACGUUAUCAAAGAGUUCAU,......((((((......))))))........................(((((((...((.....))..)))))))..,-16.99,......((((((......)))))).....,-10.47,-2.471351419079459,-10.850000381469727,......................,0,-2.76,6,0.288,true,6,9,5,17,0,28,AAAAA,0.1804,0.7224000000000004,0.7224000000000004,0,0,-23.791351800549187,-8.37055180054919
UCUAGAGGCCCGAUAUCGCGGGCCAAAAAAAAUAAGGAGGUAAAAA,AUGGCGAGCUCUGAAGACGUUAUCAAAGAGUUCAU,37,ACCUCCUUA,EspahBorujeni_NAR_2013,Escherichia coli str. K-12 substr. DH10B,RFP,14746.33444,1225.227822,1014IC-42,46,46,35,true,AUAAGGAGGU,9,32,40,UCUAGAGGCCCGAUAUCGCGGGCCAAAAAAAAUAAGGAGGUAAAAAAUGGCGAGCUCUGAAGACGUUAUCAAAGAGUUCAU,......((((((......))))))...........................(((((((...((.....))..)))))))..,-16.99,......((((((......))))))........,-10.47,-2.471351419079459,-10.850000381469727,......................,0,-2.76,6,0.288,true,6,9,8,20,0,31,AAAAA